f-c20g-c~tran,http://www.c-tran.com/images/Google/GoogleTransitUpload.zip,US,US-WA,Vancouver,C-TRAN,o-c20g-c~tran,c-tran,,,,,,
f-9qbb-marintransit,http://www.marintransit.org/data/google_transit.zip,US,US-CA,Marin County,Marin County Transit District,o-9qbb-marintransit,marin-transit,,,,,,
f-dpz2-miway,https://www.miapp.ca/GTFS/google_transit.zip?#,CA,CA-ON,Mississauga,MiWay,o-dpz2-miway,miway,,,,,,
f-drs-crtransit~vt~us,http://data.trilliumtransit.com/gtfs/crtransit-vt-us/crtransit-vt-us.zip,US,US-VT,Rockingham,The Current,o-drs-thecurrent,the-current,,,,,,
f-9qc-eldoradotransit~ca~us,http://data.trilliumtransit.com/gtfs/eldoradotransit-ca-us/eldoradotransit-ca-us.zip,US,US-CA,Sacramento,El Dorado Transit,o-9qc-eldoradotransit,el-dorado-transit,,,,,,
f-dnwe-pulaski~va~us,http://data.trilliumtransit.com/gtfs/pulaski-va-us/pulaski-va-us.zip,US,US-VA,Pulaski,Pulaski Area Transit,o-dnwe-pulaskiareatransit,pulaski-area-transit,,,,,,
f-c20ep-swanisland~or~us,http://oregon-gtfs.com/gtfs_data/swanisland-or-us/swanisland-or-us.zip,US,US-OR,Portland,Swan Island TMA,o-c20ep-swanislandtma,swan-island-tma,,,,,,
f-9mu-orangecountytransportationauthority,http://www.octa.net/current/google_transit.zip,US,US-CA,Orange County,Orange County Transportation Authority,o-9mu-orangecountytransportationauthority,orange-county-transportation-authority,,,,,,
f-9yzg-metrostlouis,ftp://metrostlouis.org/Transit/google_transit.zip,US,US-MO,St. Louis,Metro St. Louis,o-9yzg-metrostlouis,metro-st-louis,,,,,,
f-9v6-capitalmetro,https://data.texas.gov/download/r4v4-vz24/application/zip,US,US-TX,Austin,Capital Metro,o-9v6-capitalmetro,capital-metro,,,,,,
f-drk-wwwshorelineeastcom,http://www.shorelineeast.com/google_transit.zip,US,US-CT,New Haven,Shore Line East,o-drk-shorelineeast,shore-line-east,,,,,,
f-ezwg-transportsciutatcomtal,http://86.109.125.18:88/gt/google_transit.zip,ES,ES-NC,Pamplona,Transports Ciutat Comtal,o-ezwg-transportsciutatcomtal,transports-ciutat-comtal,,,,,,
f-dnx-roanoke~va~us,http://data.trilliumtransit.com/gtfs/roanoke-va-us/roanoke-va-us.zip,US,US-VA,Roanoke,Valley Metro,o-dnx-radartransit,radar-transit,,,,,,
f-9qd-fresnocounty~ca~us,http://data.trilliumtransit.com/gtfs/fresnocounty-ca-us/fresnocounty-ca-us.zip,US,US-CA,Fresno County,Fresno County Rural Transit Agency,o-9qd-fresnocountyruraltransitagency,fresno-county-rural-transit-agency,,,,,,
f-dppc-alleganycountytransit,http://mdtrip.org/googletransit/Allegany/google_transit.zip,US,US-MD,Cumberland,Allegany County Transit,o-dppc-alleganycountytransit,allegany-county-transit,,,,,,
f-f24-octranspo,http://www.octranspo1.com/files/google_transit.zip,CA,CA-ON,Ottawa,OC Transpo,o-f24-octranspo,oc-transpo,,,,,,
f-dr63-monroecountytransitauthority,http://www.gomcta.com/google_transit.zip,US,US-PA,East Stroudsburg,Monroe County Transit Authority,o-dr63-monroecountytransitauthority,monroe-county-transit-authority,,,,,,
f-c2b6v-bctransit~squamishtransitsystem,http://bctransit.com/servlet/bctransit/data/GTFS%20-%20Squamish,CA,CA-BC,Squamish,BC Transit - Squamish Transit System,o-c2b6v-bctransit~squamishtransitsystem,bc-transit-squamish-transit-system,,,,,,
f-dr1b-harfordtransitlink,http://mdtrip.org/googletransit/Harford/google_transit.zip,US,US-MD,Harford County,Harford Transit LINK,o-dr1b-harfordtransitlink,harford-transit-link,,,,,,
f-c23p1-seattlechildrenshospitalshuttle,http://transitfeeds.com/link?u=http://developer.onebusaway.org/tmp/sound/gtfs/modified/98_gtfs.zip,US,US-WA,Seattle,Seattle Children's Hospital Shuttle,o-c23p1-seattlechildrenshospitalshuttle,seattle-childrens-hospital-shuttle,,,,,,
f-dj3-ecat~fl~us,http://data.trilliumtransit.com/gtfs/ecat-fl-us/ecat-fl-us.zip,US,US-FL,Pensacola,Escambia County Area Transit,o-dj3-escambiacountyareatransit,escambia-county-area-transit,,,,,,
f-f253-citsud~ouest,http://www.amt.qc.ca/xdata/citso/google_transit.zip,CA,CA-QC,,CIT Sud-ouest,o-f253-citsud~ouest,cit-sud-ouest,,,,,,
f-dng1-transitauthorityofrivercity,http://googletransit.ridetarc.org/feed/google_transit.zip,US,US-KY,Louisville,Transit Authority of River City,o-dng1-transitauthorityofrivercity,transit-authority-of-river-city,,,,,,
f-9q7-getbus,http://www.getbus.org/googletransit/google_transit.zip,US,US-CA,Bakersfield,Golden Empire Transit District,o-9q7-goldenempiretransitdistrict,golden-empire-transit-district,,,,,,
f-9x-bustang~co~us,http://data.trilliumtransit.com/gtfs/bustang-co-us/bustang-co-us.zip,US,US-CO,Denver,Bustang,o-9x-bustang,bustang,,,,,,
f-f257-citlaurentides,http://www.rtm.quebec/xdata/citla/google_transit.zip,CA,CA-QC,Montreal,CIT Laurentides,o-f257-citlaurentides,cit-laurentides,,,,,,
f-dr4-septa~rail,https://github.com/septadev/GTFS/releases/download/v20170618/gtfs_public.zip#google_rail.zip,US,US-PA,Philadelphia,SEPTA,o-dr4-septa,septa,,,,,,
f-9r-easternpoint~or~us,http://oregon-gtfs.com/gtfs_data/easternpoint-or-us/easternpoint-or-us.zip,US,US-OR,Bend,Eastern POINT,o-9r-easternpoint,eastern-point,,,,,,
f-c2kx-spokanetransitauthority,https://www.spokanetransit.com/gtfs,US,US-WA,Spokane,Spokane Transit Authority,o-c2kx-spokanetransitauthority,spokane-transit-authority,,,,,,
f-9q-easternsierra~ca~us,http://data.trilliumtransit.com/gtfs/easternsierra-ca-us/easternsierra-ca-us.zip,US,US-CA,Bishop,Eastern Sierra Transit Authority,o-9q-easternsierratransitauthority,eastern-sierra-transit-authority,,,,,,
f-9t9-suntran,http://www.suntran.com/GTFS/SuntranGTFS.zip,US,US-AZ,Tucson,SunTran,o-9t9-suntran,suntran,,,,,,
f-djfq-birminghamjeffersoncountytransitauthority,https://maxtransit.org/wp-content/uploads/2017/05/BJCTA_GTFS_0317.zip,US,US-AL, Birmingham,Birmingham Jefferson County Transit Authority,o-djfq-birminghamjeffersoncountytransitauthority,birmingham-jefferson-county-transit-authority,,,,,,
f-c0z-bctransit~rdntransitsystem,http://bctransit.com/servlet/bctransit/data/GTFS%20-%20Nanaimo,CA,CA-BC,Nanaimo,BC Transit - RDN Transit System,o-c0z-bctransit~rdntransitsystem,bc-transit-rdn-transit-system,,,,,,
f-9vxz-jatran~ms~us,http://data.trilliumtransit.com/gtfs/jatran-ms-us/jatran-ms-us.zip,US,US-MS,Jackson,JATRAN,o-9vxz-jatran,jatran,,,,,,
f-drq-freedomcruiseline~ma~us,http://data.trilliumtransit.com/gtfs/freedomcruiseline-ma-us/freedomcruiseline-ma-us.zip,US,US-MA,Cape Cod,Freedom Cruise Line,o-drq-freedomcruiseline,freedom-cruise-line,,,,,,
f-9px-cooscounty~or~us,http://oregon-gtfs.com/gtfs_data/cooscounty-or-us/cooscounty-or-us.zip,US,US-OR,Coos Bay,Coos County Area Transit,o-9px-cooscountyareatransit,coos-county-area-transit,,,,,,
f-dr7-nywaterway,https://s3.amazonaws.com/data.bytemark.co/nywaterway/nywaterway.zip,US,US-NY,New York City,NY Waterway,o-dr7-nywaterway,ny-waterway,,,,,,
f-9rb-cherriots,http://www.cherriots.org/developer/gtfs.zip,US,US-OR,Salem,Cherriots,o-9rb-cherriots,cherriots,,,,,,
f-dhx-tri~rail,http://www.tri-rail.com/GTDF/Current/google_transit.zip,US,US-FL,Miami,Tri-Rail,o-dhx-tri~rail,tri-rail,,,,,,
f-dn5bpr-atlanticstationshuttle,http://documents.atlantaregional.com/transitdata/gtfs_Atlantic.zip,US,US-GA,Atlanta,Atlantic Station Shuttle,o-dn5bpr-atlanticstationshuttle,atlantic-station-shuttle,,,,,,
f-dhw-browardcountytransit,http://www.broward.org/bct/google/latest/google_transit.zip,US,US-FL,Fort Lauderdale,Broward County Transit,o-dhw-browardcountytransit,broward-county-transit,,,,,,
f-9qbdx-santarosacitybus,ftp://ftp.ci.santa-rosa.ca.us/SantaRosaCityBus/google_transit.zip,US,US-CA,Santa Rosa,CityBus,o-9qbdx-santarosacitybus,citybus,,,,,,
f-drq-capecodregionaltransitauthorityccrta,http://data.trilliumtransit.com/gtfs/capecod-ma-us/capecod-ma-us.zip,US,US-MA,Cape Cod,Cape Cod Regional Transit Authority,o-drq-capecodregionaltransitauthorityccrta,cape-cod-regional-transit-authority,,,,,,
f-f256-mrcdedeux~montagnes,http://www.amt.qc.ca/xdata/mrc2m/google_transit.zip,CA,CA-QC,Montreal,MRC de Deux-Montagnes,o-f256-mrcdedeux~montagnes,mrc-de-deux-montagnes,,,,,,
f-9qh0-anaheim~ca~us,http://data.trilliumtransit.com/gtfs/anaheim-ca-us/anaheim-ca-us.zip,US,US-CA,Los Angeles,Anaheim Resort Transportation,o-9qh0-anaheimresorttransportation,anaheim-resort-transportation,,,,,,
f-9vg-dallasarearapidtransit,http://www.dart.org/transitdata/latest/google_transit.zip,US,US-TX,Dallas,Dallas Area Rapid Transit,o-9vg-dallasarearapidtransit,dallas-area-rapid-transit,,,,,,
f-9qh-omnitrans,http://www.omnitrans.org/google/google_transit.zip,US,US-CA,San Bernardino,OmniTrans,o-9qh-omnitrans,omnitrans,,,,,,
f-drs-franklinregionaltransitauthority,http://www.massdot.state.ma.us/Portals/0/docs/developers/frta_google_transit.zip,US,US-MA,Amherst,Franklin Regional Transit Authority,o-drs-franklinregionaltransitauthority,franklin-regional-transit-authority,,,,,,
f-9q9p-ccctaorg,http://data.trilliumtransit.com/gtfs/ccta-vt-us/ccta-vt-us.zip,US,US-CA,San Francisco Bay Area,County Connection,o-9q9p-countyconnection,county-connection,,,,,,
f-9vk-metropolitantransitauthorityofharriscounty,http://www.ridemetro.org/Downloads/google_transit.zip,US,US-TX,Houston,Metropolitan Transit Authority of Harris County,o-9vk-metropolitantransitauthorityofharriscounty,metropolitan-transit-authority-of-harris-county,,,,,,
f-dpeg-capitalareatransportationauthority,http://developers.cata.org/gtfsdownload.ashx?key=5b4690ed-0a69-4320-897b-7d92def4b96f&data=base,US,US-MI,Lansing,Capital Area Transportation Authority,o-dpeg-capitalareatransportationauthority,capital-area-transportation-authority,,,,,,
f-dpz-gotransit,http://www.gotransit.com/publicroot/gtfs/google_transit.zip,CA,CA-ON,Toronto,GO Transit,o-dpz-gotransit,go-transit,,,,,,
f-u3qc-metrowarszawskie,http://otp-pl.tk/feed/metro/metro-latest.zip,PL,PL-MZ,Warsaw,Metro Warszawskie,o-u3qc-metrowarszawskie,metro-warszawskie,,,,,,
f-dj75-baytowntrolley~fl~us,http://data.trilliumtransit.com/gtfs/baytowntrolley-fl-us/baytowntrolley-fl-us.zip,US,US-FL,Panama City,Bay Town Trolley,o-dj75-baytowntrolley,bay-town-trolley,,,,,,
f-u0-sncf~tram~train~ter,https://ressources.data.sncf.com/explore/dataset/sncf-tram-train-ter-pdl-gtfs/files/f517d7646d71f8ad65f496835bd569c8/download/,FR,,,SNCF,o-u-sncf,sncf,,,,,,
f-dnh-marta,http://www.itsmarta.com/google_transit_feed/google_transit.zip,US,US-GA,Atlanta,Metropolitan Atlanta Rapid Transit Authority,o-dnh-metropolitanatlantarapidtransitauthority,metropolitan-atlanta-rapid-transit-authority,,,,,,
f-9pz-lincolncounty~or~us,http://oregon-gtfs.com/gtfs_data/lincolncounty-or-us/lincolncounty-or-us.zip,US,US-OR,Newport,Lincoln County Transit,o-9pz-lincolncountytransit,lincoln-county-transit,,,,,,
f-c29r-bctransit~chilliwacktransitsystem,http://bctransit.com/servlet/bctransit/data/GTFS%20-%20Chilliwack,CA,CA-BC,Chilliwack,BC Transit - Chilliwack Transit System,o-c29r-bctransit~chilliwacktransitsystem,bc-transit-chilliwack-transit-system,,,,,,
f-9rc-cascadeseast~or~us,http://oregon-gtfs.com/gtfs_data/cascadeseast-or-us/cascadeseast-or-us.zip,US,US-OR,Bend,Cascades East Transit,o-9rc-cascadeseasttransit,cascades-east-transit,,,,,,
f-f25g-omitsainte~julie,http://www.rtm.quebec/xdata/omitsju/google_transit.zip,CA,CA-QC,Montreal,OMIT Sainte-Julie,o-f25g-omitsainte~julie,omit-sainte-julie,,,,,,
f-dxfy-halifaxtransit~hrm,http://gtfs.halifax.ca/static/google_transit.zip,CA,CA-NS,Halifax,Halifax Transit,o-dxfy-halifaxtransit~hrm,halifax-transit,,,,,,
f-tf34-metropolitantransportcorporation,https://github.com/transitland/gtfs-archives-not-hosted-elsewhere/blob/master/mtc_chennai.zip?raw=true#mtc_chennai,IN,IN-TN,Chennai,Metropolitan Transport Corporation,o-tf34-metropolitantransportcorporation,metropolitan-transport-corporation,,,,,,
f-9qb-smart,http://api.511.org/transit/datafeeds?api_key=e74ef98b-6e66-4d18-92be-e06755664137&operator_id=SA,US,US-CA,San Francisco Bay Area,SMART,o-9qb-smart,smart,,,,,,
f-9r4-rtcride,http://www.rtcwashoe.com/googletransit/latest/google_transit.zip,US,US-NV,Reno,Regional Transportation Commission,o-9r4-rtcride,rtc-ride,,,,,,
f-c21-hoodriver~or~us,http://oregon-gtfs.com/gtfs_data/hoodriver-or-us/hoodriver-or-us.zip,US,US-OR,Hood River,Columbia Area Transit,o-c21-columbiaareatransit,columbia-area-transit,,,,,,
f-c2pvx-butte~mt~us,http://data.trilliumtransit.com/gtfs/butte-mt-us/butte-mt-us.zip,US,US-MT,Butte,Butte-Silver Bow,o-c2pvx-butte~silverbow,butte-silver-bow,,,,,,
f-9qh-metrolinktrains,http://www.metrolinktrains.com/content/google_transit.zip,US,US-CA,Los Angeles,Metrolink,o-9qh-metrolinktrains,metrolink,,,,,,
f-9q8zm-blue~goldfleet,http://api.511.org/transit/datafeeds?api_key=e74ef98b-6e66-4d18-92be-e06755664137&operator_id=BG,US,US-CA,San Francisco Bay Area,Blue & Gold Fleet,o-9q8zm-blue~goldfleet,blue-gold-fleet,,,,,,
f-dp3-pace,http://www.pacebus.com/gtfs/gtfs.zip,US,US-IL,Chicago,Pace Suburban Bus,o-dp3-pace,pace-suburban-bus-service,,,,,,
f-dr5r-mtabc,http://web.mta.info/developers/data/busco/google_transit.zip,US,US-NY,New York City,MTA New York City Transit,o-dr5r-nyct,mta-new-york-city-transit,,,,,,
f-f25d-citlerichelain,http://www.rtm.quebec/xdata/citlr/google_transit.zip,CA,CA-QC,Montrí©al,CIT Le Richelain,o-f25d-citlerichelain,cit-le-richelain,,,,,,
f-9qc-sanjoaquinrtd,http://sanjoaquinrtd.com/RTD-GTFS/RTD-GTFS.zip,US,US-CA,Stockton,San Joaquin Regional Transit District,o-9qc-sanjoaquinregionaltransitdistrictrtd,san-joaquin-regional-transit-district-rtd,,,,,,
f-9r92-basin~or~us,http://oregon-gtfs.com/gtfs_data/basin-or-us/basin-or-us.zip,US,US-OR,Klamath Falls,Basin Transit Service,o-9r92-basintransitservice,basin-transit-service,,,,,,
f-c20-trimet,http://developer.trimet.org/schedule/gtfs.zip,US,US-OR,Portland,Tri-County Metropolitan Transportation District of Oregon, Portland Streetcar, Portland Aerial Tram,o-c20-trimet, o-c20fb-portlandstreetcar, o-c20fb6-portlandaerialtram,trimet,,
f-dppn-portauthorityofalleghenycounty,http://www.portauthority.org/GeneralTransitFeed/general_transit_Bing.zip,US,US-PA,Pittsburgh,Port Authority of Allegheny County,o-dppn-portauthorityofalleghenycounty,port-authority-of-allegheny-county,,,,,,
f-9rb-eugenetocoosbay~or~us,http://oregon-gtfs.com/gtfs_data/eugenetocoosbay-or-us/eugenetocoosbay-or-us.zip,US,US-OR,Eugene,Eugene to Coos Bay,o-9rb-eugenetocoosbay,eugene-to-coos-bay,,,,,,
f-9qh2s-corona~ca~us,http://data.trilliumtransit.com/gtfs/corona-ca-us/corona-ca-us.zip,US,US-CA,Los Angeles,Corona Cruiser,o-9qh2s-coronacruiser,corona-cruiser,,,,,,
f-dq9-hrt,http://googletf.gohrt.com/google_transit.zip,US,US-VA,Hampton Roads,Hampton Roads Transit (HRT),o-dq9-hamptonroadstransithrt,hampton-roads-transit-hrt,,,,,,
f-9qb-mendocino~ca~us,http://data.trilliumtransit.com/gtfs/mendocino-ca-us/mendocino-ca-us.zip,US,US-CA,Mendocino,Mendocino Transit Authority,o-9qb-mendocinotransitauthority,mendocino-transit-authority,,,,,,
f-dp89-beloittransit~wi~us,http://data.trilliumtransit.com/gtfs/beloittransit-wi-us/beloittransit-wi-us.zip,US,US-WI,Beloit,Beloit Transit System,o-dp89-beloittransitsystem,beloit-transit-system,,,,,,
f-bdvk-anchoragepeoplemover,http://gtfs.muni.org/People_Mover.gtfs.zip,US,US-AK,Anchorage,Anchorage People Mover,o-bdvk-anchoragepeoplemover,anchorage-people-mover,,,,,,
f-dp3-metra,https://www.rtachicago.com/files/gtfs/gtfsMETRA.zip,US,US-IL,Chicago,Metra,o-dp3-metra,metra,,,,,,
f-9r2-southwestpoint~or~us,http://oregon-gtfs.com/gtfs_data/southwestpoint-or-us/southwestpoint-or-us.zip,US,US-OR,Klamath Falls,SouthWest POINT,o-9r2-southwestpoint,the-shuttle-inc,,,,,,
f-dpsb-transitwindsor,https://github.com/transitland/gtfs-archives-not-hosted-elsewhere/blob/master/windsor_ontario.zip?raw=true,CA,CA-ON,Windsor,Transit Windsor,o-dpsb-transitwindsor,transit-windsor,,,,,,
f-dhv-sarasotacountyareatransit,https://www.scgov.net/SCAT/Google/sarasotacounty-fl-us2016Nov.zip,US,US-FL,Sarasota,Sarasota County Area Transit,o-dhv-sarasotacountyareatransit,sarasota-county-area-transit,,,,,,
f-dps2-annarborareatransportationauthority,http://www.theride.org/google/google_transit.zip,US,US-MI,Ann Arbor,Ann Arbor Area Transportation Authority,o-dps2-annarborareatransportationauthority,ann-arbor-area-transportation-authority,,,,,,
f-9q9p3-datatrilliumtransitcom,http://data.trilliumtransit.com/gtfs/beartransit-ca-us/beartransit-ca-us.zip,US,US-CA,Berkeley,University of California Berkeley Shuttle,o-9q9p3-beartransit~ucberkeleyshuttle,bear-transit-uc-berkeley-shuttle,,,,,,
f-djq-sunshinebuscompany~fl~us,http://data.trilliumtransit.com/gtfs/sunshinebuscompany-fl-us/sunshinebuscompany-fl-us.zip,US,US-FL,St. Augustine,Sunshine Bus Company,o-djq-sunshinebuscompany,sunshine-bus-company,,,,,,
f-9q5-metro~losangeles~rail,https://gitlab.com/LACMTA/gtfs_rail/raw/master/gtfs_rail.zip,US,US-CA,Los Angeles,Los Angeles County Metropolitan Transportation Authority,o-9q5-metro~losangeles,la-metro,,,,,,
f-9qcs-rosevilletransit,http://iportal.sacrt.com/GTFS/Roseville/google_transit.zip,US,US-CA,Roseville,Roseville Transit,o-9qcs-rosevilletransit,roseville-transit,,,,,,
f-9wvk-mountainmetropolitantransit,https://coloradosprings.gov/sites/default/files/google-transit.zip,US,US-CO,Colorado Springs,Mountain Metropolitan Transit,o-9wvk-mountainmetropolitantransit,mountain-metropolitan-transit,,,,,,
f-f25f-rseaudetransportdelongueuil,http://www.rtl-longueuil.qc.ca/transit/latestfeed/RTL.zip,CA,CA-QC,Montreal,Rí©seau de transport de Longueuil,o-f25f-rseaudetransportdelongueuil,rseau-de-transport-de-longueuil,,,,,,
f-dnjj-clemson~sc~us,http://data.trilliumtransit.com/gtfs/clemson-sc-us/clemson-sc-us.zip,US,US-SC,Clemson,Clemson Area Transit,o-dnjj-clemsonareatransit,clemson-area-transit,,,,,,
f-9pzdp-rhodyexpress~or~us,http://oregon-gtfs.com/gtfs_data/rhodyexpress-or-us/rhodyexpress-or-us.zip,US,US-OR,Florence,Rhody Express,o-9pzdp-rhodyexpress,rhody-express,,,,,,
f-ezty-metrobilbao,ftp://ftp.geo.euskadi.net/cartografia/Transporte/Moveuskadi/MetroBilbao/google_transit.zip,ES,ES-PV,Bilbao,Metro Bilbao,o-ezty-metrobilbao,metro-bilbao,,,,,,
f-9r4-lassen~ca~us,http://data.trilliumtransit.com/gtfs/lassen-ca-us/lassen-ca-us.zip,US,US-CA,Lassen County,Lassen Rural Bus,o-9r4-lassenruralbus,lassen-rural-bus,,,,,,
f-dhx-palmtran,http://www.palmtran.org/feed/google_transit.zip,US,US-FL,West Palm Beach,Palm Tran,o-dhx-palmtran,palm-tran,,,,,,
f-9w-elevatedtransit~ut~us,http://data.trilliumtransit.com/gtfs/elevatedtransit-ut-us/elevatedtransit-ut-us.zip,US,US-UT,Salt Lake City,Elevated Transit,o-9w-elevatedtransit,elevated-transit,,,,,,
f-dqcjj-arlingtontransit,http://realtime.commuterpage.com/rtt/public/utility/gtfs.aspx,US,US-VA,Washington DC,Arlington Transit,o-dqcjj-arlingtontransit,arlington-transit,,,,,,
f-djf8-montgomerytransit~al~us,http://data.trilliumtransit.com/gtfs/montgomerytransit-al-us/montgomerytransit-al-us.zip,US,US-AL,Montgomery,Montgomery Transit,o-djf8-montgomerytransit,montgomery-transit,,,,,,
f-9qce-sacramentoregionaltransit,http://iportal.sacrt.com/GTFS/SRTD/google_transit.zip,US,US-CA,Sacramento,Sacramento Regional Transit,o-9qce-sacramentoregionaltransit,sacramento-regional-transit,,,,,,
f-9q5c-bigbluebus,http://gtfs.bigbluebus.com/current.zip,US,US-CA,Santa Monica,Big Blue Bus,o-9q5c-bigbluebus,big-blue-bus,,,,,,
f-dngy-transitauthorityofnorthernkentucky,http://caistage.nku.edu/tankgoogletransit/google_transit.zip,US,US-KY,Cincinnati,Transit Authority of Northern Kentucky,o-dngy-transitauthorityofnorthernkentucky,transit-authority-of-northern-kentucky,,,,,,
f-dr5r-nyctsubway,http://web.mta.info/developers/data/nyct/subway/google_transit.zip,US,US-NY,New York City,MTA New York City Transit,o-dr5r-nyct,mta-new-york-city-transit,,,,,,
f-9r4-plumas~ca~us,http://data.trilliumtransit.com/gtfs/plumas-ca-us/plumas-ca-us.zip,US,US-CA,Plumas County,Plumas Transit,o-9r4-plumastransit,plumas-transit,,,,,,
f-dqcq-regionaltransportationagencyofcentralmaryland,http://mdtrip.org/googletransit/RTA/google_transit.zip,US,US-MD,,Regional Transportation Agency of Central Maryland,o-dqcq-regionaltransportationagencyofcentralmaryland,regional-transportation-agency-of-central-maryland,,,,,,
f-spv-lignesdazur,http://opendata.nicecotedazur.org/data/dataset/export-quotidien-au-format-gtfs-du-reseau-de-transport-lignes-d-azur/resource/aacb4eea-d008-4b13-b17a-848b8ced7e03/download,FR,FR-U,Nice,Lignes d'Azur,o-spv-lignesdazur,lignes-dazur,,,,,,
f-c23-soundtransit,http://developer.onebusaway.org/tmp/sound/gtfs/modified/40_gtfs.zip,US,US-WA,Seattle,Sound Transit,o-c23-soundtransit,sound-transit,,,,,,
f-9w0md-cottonwood~az~us,http://data.trilliumtransit.com/gtfs/cottonwood-az-us/cottonwood-az-us.zip,US,US-AZ,Cottonwood,Cottonwood Area Transit,o-9w0md-cottonwoodareatransit,cottonwood-area-transit,,,,,,
f-rb6b-metrochristchurch,http://rtt.metroinfo.org.nz/rtt/public/utility/gtfs.aspx,NZ,NZ-CAN,Christchurch,Metro Christchurch,o-rb6b-metrochristchurch,metro-christchurch,,,,,,
f-9v1z-viametropolitantransit,http://www.viainfo.net/BusService/google_transit.zip,US,US-TX,San Antonio,VIA Metropolitan Transit,o-9v1z-viametropolitantransit,via-metropolitan-transit,,,,,,
f-cbq6-duluthtransitauthority,http://www.duluthtransit.com/gtf/google_transit.zip,US,US-MN,Duluth,Duluth Transit Authority,o-cbq6-duluthtransitauthority,duluth-transit-authority,,,,,,
f-sp-trenitaliaspa,http://dati.toscana.it/dataset/8bb8f8fe-fe7d-41d0-90dc-49f2456180d1/resource/71303a3a-9859-415e-8478-9a354b726774/download/trenitalia.gtfs_31672987-5f43-45e1-b370-e5d20303f66a.zip,IT,,,Trenitalia,o-s-trenitalia,trenitalia,,,,,,
f-f08e-thunderbaytransit,http://api.nextlift.ca/gtfs.zip,CA,CA-ON,Thunder Bay,Thunder Bay Transit,o-f08e-thunderbaytransit,thunder-bay-transit,,,,,,
f-f25d-citroussillon,http://www.amt.qc.ca/xdata/citrous/google_transit.zip,CA,CA-QC,,CIT Roussillon,o-f25d-citroussillon,cit-roussillon,,,,,,
f-9qhf-bigbear~ca~us,http://data.trilliumtransit.com/gtfs/bigbear-ca-us/bigbear-ca-us.zip,US,US-CA,San Bernardino County,Mountain Transit,o-9qhf-mountaintransit,mountain-transit,,,,,,
f-c3x-edmontontransitsystem,https://data.edmonton.ca/download/gzhc-5ss6/application/zip,CA,CA-AB,Edmonton,Edmonton Transit System,o-c3x-edmontontransitsystem,edmonton-transit-system,,,,,,
f-9zmk-desmoinesarearegionaltransitauthority,http://api.ridedart.com/gtfs/file?key=ef0bd8fa9ef652bcfaea713da3b64078,US,US-IA,Des Moines,Des Moines Area Regional Transit Authority,o-9zmk-desmoinesarearegionaltransitauthority,des-moines-area-regional-transit-authority,,,,,,
f-drs-thebus~vt~us,http://data.trilliumtransit.com/gtfs/thebus-vt-us/thebus-vt-us.zip,US,US-VT,Rutland,The Bus (Marble Valley metroal Transit District),o-drs-thebusmarblevalleymetroaltransitdistrict,the-bus-marble-valley-regional-transit-district,,,,,,
f-dpsc-detroitdepartmentoftransportation,https://s3.amazonaws.com/localdata-public/ddot/ddot_gtfs.zip,US,US-MI,Detroit,Detroit Department of Transportation,o-dpsc-detroitdepartmentoftransportation,detroit-department-of-transportation,,,,,,
f-c342-bctransit~kamloopstransitsystem,http://bctransit.com/servlet/bctransit/data/GTFS%20-%20Kamloops,CA,CA-BC,Kamloops,BC Transit - Kamloops Transit System,o-c342-bctransit~kamloopstransitsystem,bc-transit-kamloops-transit-system,,,,,,
f-9q9-scmtdcom,http://scmtd.com/google_transit/google_transit.zip,US,US-CA,Santa Cruz,Santa Cruz Metropolitan Transit District,o-9q9-santacruzmetro,santa-cruz-metro,,,,,,
f-dphg-centralohiotransitauthority,http://www.cota.com/COTA/media/COTAContent/OpenGTFSData.zip,US,US-OH,Columbus,Central Ohio Transit Authority,o-dphg-centralohiotransitauthority,central-ohio-transit-authority,,,,,,
f-dp8d-jts~wi~us,http://data.trilliumtransit.com/gtfs/jts-wi-us/jts-wi-us.zip,US,US-WI,Janesville,Janesville Transit System,o-dp8d-janesvilletransitsystem,janesville-transit-system,,,,,,
f-u0nkbh2-aziendavaresinatrasporti,http://www.avtvarese.it/google_transit.zip,IT,IT-25,,Azienda Varesina Trasporti,o-u0nkbh2-aziendavaresinatrasporti,azienda-varesina-trasporti,,,,,,
f-9y69-embark,http://embarkok.com/data/gtfs/google_transit.zip,US,US-OK,Oklahoma City,Embark,o-9y69-embark,embark,,,,,,
f-9whp-abqride,http://data.cabq.gov/transit/gtfs/google_transit.zip,US,US-NM,Albuquerque,ABQ RIDE,o-9whp-abqride,abq-ride,,,,,,
f-c26-linktransit~wa~us,http://data.trilliumtransit.com/gtfs/linktransit-wa-us/linktransit-wa-us.zip,US,US-WA,Wenatchee,Link Transit,o-c26-linktransit,link-transit,,,,,,
f-9x0-uta,https://gtfsfeed.rideuta.com/GTFS.zip,US,US-UT,Salt Lake City,Utah Transit Authority,o-9x0-utahtransitauthority,utah-transit-authority,,,,,,
f-dn4m-huntsvilleshuttle,http://maps.hsvcity.com/GoogleTransit/google_transit.zip,US,US-AL,Huntsville,Huntsville Shuttle,o-dn4m-huntsvilleshuttle,huntsville-shuttle,,,,,,
f-c28-jeffersontransitauthority,http://mjcaction.com/MJC_GTFS_Public/jefferson_google_transit.zip,US,US-WA,Port Townsend,Jefferson Transit Authority,o-c28-jeffersontransitauthority,jefferson-transit-authority,,,,,,
f-9myr-paloverdevalley~ca~us,http://data.trilliumtransit.com/gtfs/paloverde_valley-ca-us/paloverde_valley-ca-us.zip,US,US-CA,Los Angeles,Palo Verde Valley Transit Agency,o-9myr-paloverdevalleytransitagency,palo-verde-valley-transit-agency,,,,,,
f-9r-peoplemover~or~us,http://oregon-gtfs.com/gtfs_data/peoplemover-or-us/peoplemover-or-us.zip,US,US-OR,John Day,People Mover,o-9r-peoplemover,people-mover,,,,,,
f-9r8m-umpquatransit~or~us,http://oregon-gtfs.com/gtfs_data/umpquatransit-or-us/umpquatransit-or-us.zip,US,US-OR,Roseburg,U-Trans,o-9r8m-u~trans,u-trans,,,,,,
f-dngb-lextran,http://nextinsight.com/gtfs/lextran-us-gtfs.zip,US,US-KY,Lexington,LexTran,o-dngb-lextran,lanta,,,,,,
f-drt6-lowellregionaltransitauthority,http://data.trilliumtransit.com/gtfs/lowell-ma-us/lowell-ma-us.zip,US,US-MA,Lowell,Lowell Regional Transit Authority,o-drt6-lowellregionaltransitauthority,lowell-regional-transit-authority,,,,,,
f-9qd-mercedthebus~ca~us,http://data.trilliumtransit.com/gtfs/mercedthebus-ca-us/mercedthebus-ca-us.zip,US,US-CA,Merced County,The Bus,o-9qd-thebus,the-bus,,,,,,
f-9q5b4-pvpta~ca~us,http://data.trilliumtransit.com/gtfs/pvpta-ca-us/pvpta-ca-us.zip,US,US-CA,Los Angeles,Palos Verdes Peninsula Transit Authority,o-9q5b4-palosverdespeninsulatransitauthority,palos-verdes-peninsula-transit-authority,,,,,,
f-u1-delijn,http://gtfs.irail.be/de-lijn/de_lijn-gtfs.zip,BE,BE-VLG,,De Lijn,o-u1-delijn,de-lijn,,,,,,
f-dnzft-hdpt,https://www.harrisonburgva.gov/sites/default/files/Transit/google_transit.zip,US,US-VA,Harrisonburg,Harrisonburg Department of Public Transportation,o-dnzft-hdpt,harrisonburg-department-of-public-transportation,,,,,,
f-dr41-ceciltransit,http://mdtrip.org/googletransit/Cecil/google_transit.zip,US,US-MD,Elkton,Cecil Transit,o-dr41-ceciltransit,cecil-transit,,,,,,
f-drt0-metrowestregionaltransitauthority,http://www.massdot.state.ma.us/Portals/0/docs/developers/mwrta_google_transit.zip,US,US-MA,Boston,MetroWest Regional Transit Authority,o-drt0-metrowestregionaltransitauthority,metrowest-regional-transit-authority,,,,,,
f-drt-baystatecruisecompany~ma~us,http://data.trilliumtransit.com/gtfs/baystatecruisecompany-ma-us/baystatecruisecompany-ma-us.zip,US,US-MA,Boston,Bay State Cruise Company,o-drt-baystatecruisecompany,bay-state-cruise-company,,,,,,
f-ezjm-empresamunicipaldetransportes,https://servicios.emtmadrid.es:8443/gtfs/transitemt.zip,ES,ES-MD,Madrid,Empresa Municipal de Transportes,o-ezjm-empresamunicipaldetransportes,madrid,,,,,,
f-c290-everetttransit,http://developer.onebusaway.org/tmp/sound/gtfs/modified/97_gtfs.zip,US,US-WA,Everett,Everett Transit,o-c290-everetttransit,everett-transit,,,,,,
f-9px-currypublictransit,http://mjcaction.com/MJC_GTFS_Public/curry_google_transit.zip,US,US-OR,Brookings,Curry Public Transit,o-9px-currypublictransit,curry-public-transit,,,,,,
f-dnwg-bt4u,http://www.bt4u.org/gtfs/google_transit.zip,US,US-VA,Blacksburg,Blacksburg Transit,o-dnwg-blacksburgtransit,blacksburg-transit,,,,,,
f-f25f-citchambly~richelieu~carignan,http://www.amt.qc.ca/xdata/citcrc/google_transit.zip,CA,CA-QC,Montreal,CIT Chambly-Richelieu-Carignan,o-f25f-citchambly~richelieu~carignan,cit-chambly-richelieu-carignan,,,,,,
f-c2qft-udash~mt~us,http://data.trilliumtransit.com/gtfs/missoula-mt-us/missoula-mt-us.zip,US,US-MT,Missoula,University of Montana,o-c2qft-udash~universityofmontana,mountain-line-mutd,,,,,,
f-dr7cc-norwalktransit,http://rfshared.s3.amazonaws.com/gtfs/norwalk_gtfs.zip,US,US-CT,Norwalk,Norwalk Transit District,o-dr7cc-norwalktransit,norwalk-transit,,,,,,
f-9r0-redding~ca~us,http://data.trilliumtransit.com/gtfs/redding-ca-us/redding-ca-us.zip,US,US-CA,Redding,Redding Area Bus Authority,o-9r0-reddingareabusauthority,redding-area-bus-authority,,,,,,
f-c20w-rivercitiestransit~wa~us,http://data.trilliumtransit.com/gtfs/rivercitiestransit-wa-us/rivercitiestransit-wa-us.zip,US,US-WA,Longview,RiverCities Transit,o-c20w-rivercitiestransit,rivercities-transit,,,,,,
f-dp9-milwaukeecountytransitsystem,http://kamino.mcts.org/gtfs/google_transit.zip,US,US-WI,Milwaukee,Milwaukee County Transit System,o-dp9-milwaukeecountytransitsystem,milwaukee-county-transit-system,,,,,,
f-u2m-bkk,http://www.bkk.hu/gtfs/budapest_gtfs.zip,HU,HU-BU,,Budapesti Kí_zlekedí©si Kí_zpont,o-u2m-bkk,bkk,,,,,,
f-dru8-advancetransit,http://whereismybus.advancetransit.com/GTFS/feed.zip,US,US-VT,Lebanon,Advance Transit,o-dru8-advancetransit,advance-transit,,,,,,
f-c22y-kitsaptransit,http://apps.kitsaptransit.com/google/latest/google_transit.zip,US,US-WA,Seattle,Kitsap Transit,o-c22y-kitsaptransit,kitsap-transit,,,,,,
f-dr5-nj~transit~bus,http://mapzen.github.io/transitland-internal/gtfs-archives-not-for-redistribution/nj-transit-bus.zip,US,US-NJ,New York City,New Jersey Transit,o-dr5-nj~transit,new-jersey-transit,,,,,,
f-dp1h-champaignurbanamasstransitdistrict,http://developer.cumtd.com/gtfs/google_transit.zip,US,US-IL,Champaign-Urbana,Champaign Urbana Mass Transit District,o-dp1h-champaignurbanamasstransitdistrict,champaign-urbana-mass-transit-district,,,,,,
f-dhv-psta,http://www.psta.net/latest/Google_transit.zip,US,US-FL,Pinellas County,Pinellas Suncoast Transit Authority,o-dhv-psta,psta,,,,,,
f-dpe-therapid,http://connect.ridetherapid.org/InfoPoint/gtfs-zip.ashx,US,US-MI,Grand Rapids,The Rapid,o-dpe-therapid,the-rapid,,,,,,
f-f259-citduhaut~saint~laurent,http://www.amt.qc.ca/xdata/cithsl/google_transit.zip,CA,CA-QC,Montreal,CIT du Haut-Saint-Laurent,o-f259-citduhaut~saint~laurent,cit-du-haut-saint-laurent,,,,,,
f-c20-northwestpoint~or~us,http://oregon-gtfs.com/gtfs_data/northwestpoint-or-us/northwestpoint-or-us.zip,US,US-OR,Astoria,NorthWest POINT,o-c20-northwestpoint,northwest-point,,,,,,
f-9wgu-gunnisonvalleyrta,http://mjcaction.com/MJC_GTFS_Public/gunnisonrta_google_transit.zip,US,US-CO,,Gunnison Valley RTA,o-9wgu-gunnisonvalleyrta,gunnison-valley-rta,,,,,,
f-9qhc-beaumont~ca~us,http://data.trilliumtransit.com/gtfs/beaumont-ca-us/beaumont-ca-us.zip,US,US-CA,Los Angeles,Beaumont Transit System,o-9qhc-beaumonttransitsystem,beaumont-pass-transit,,,,,,
f-drsf-montachusett~ma~us,http://data.trilliumtransit.com/gtfs/montachusett-ma-us/montachusett-ma-us.zip,US,US-MA,Montachusett,Montachusett Regional Transit Authority,o-drsf-montachusettmetroaltransitauthority,montachusett-regional-transit-authority,,,,,,
f-9mu-northcountytransitdistrict,http://www.gonctd.com/google_transit.zip,US,US-CA,San Diego,North County Transit District,o-9mu-northcountytransitdistrict,north-county-transit-district,,,,,,
f-c3x1-stalberttransit,http://stalbert.ca/uploads/files-zip/google_transit.zip,CA,CA-AB,St. Albert,St. Albert Transit,o-c3x1-stalberttransit,st-albert-transit,,,,,,
f-spn-trenitalia,http://www.sardegnamobilita.it/opendata/dati_trenitalia.zip,IT,,,Trenitalia,o-s-trenitalia,trenitalia,,,,,,
f-9rb3p-southlanewheels~or~us,http://oregon-gtfs.com/gtfs_data/southlanewheels-or-us/southlanewheels-or-us.zip,US,US-OR,Cottage Grove,South Lane Wheels,o-9rb3p-southlanewheels,south-lane-wheels,,,,,,
f-dp4d-indygo,http://www.indygo.net/wp-content/plugins/wp-gtfs/feed/gtfs.zip,US,US-IN,Indianapolis,IndyGo,o-dp4d-indygo,indygo,,,,,,
f-9rb-benton~or~us,http://oregon-gtfs.com/gtfs_data/benton-or-us/benton-or-us.zip,US,US-OR,Corvallis,Benton County Transportation,o-9rb-bentoncountytransportation,benton-county-transportation,,,,,,
f-9rb-hut~or~us,http://oregon-gtfs.com/gtfs_data/hut-or-us/hut-or-us.zip,US,US-OR,Portland,HUT Airport Shuttle,o-9rb-hutairportshuttlephoneorwebreservationsrequiredforthisservice,hut-airport-shuttle,,,,,,
f-c284-blackballferryline,http://mjcaction.com/MJC_GTFS_Public/blackball_google_transit.zip,US,US-WA,Port Angeles,Black Ball Ferry Line,o-c284-blackballferryline,black-ball-ferry-line,,,,,,
f-c0z4-bctransit~comoxvalleytransitsystem,http://bctransit.com/servlet/bctransit/data/GTFS%20-%20Comox%20Valley,CA,CA-BC,Comox,BC Transit - Comox Valley Transit System,o-c0z4-bctransit~comoxvalleytransitsystem,bc-transit-comox-valley-transit-system,,,,,,
f-drt7-merrimackvalley~ma~us,http://data.trilliumtransit.com/gtfs/merrimackvalley-ma-us/merrimackvalley-ma-us.zip,US,US-MA,Merrimack Valley,Merrimack Valley Regional Transit Authority,o-drt7-merrimackvalleymetroaltransitauthority,merrimack-valley-regional-transit-authority,,,,,,
f-c29-communitytransit,http://developer.onebusaway.org/tmp/sound/gtfs/modified/29_gtfs.zip,US,US-WA,Seattle,Community Transit,o-c29-communitytransit,community-transit,,,,,,
f-9q9-modesto~ca~us,http://data.trilliumtransit.com/gtfs/modesto-ca-us/modesto-ca-us.zip,US,US-CA,Modesto,Modesto Area Express,o-9q9-modestoareaexpress,modesto-area-express,,,,,,
f-dr5r-mtanyctbusmanhattan,http://web.mta.info/developers/data/nyct/bus/google_transit_manhattan.zip,US,US-NY,New York City,MTA New York City Transit,o-dr5r-nyct,mta-new-york-city-transit,,,,,,
f-9q5b-longbeachtransit,https://lbtransit.box.com/shared/static/a29r6bewfz8xnxjyd9w16orcz4d0zect.zip,US,US-CA,Los Angeles,Long Beach Transit,o-9q5b-longbeachtransit,long-beach-transit,,,,,,
f-c2b1-bctransit~sunshinecoasttransitsystem,http://bctransit.com/servlet/bctransit/data/GTFS%20-%20Sunshine%20Coast,CA,CA-BC,Sunshine Coast,BC Transit - Sunshine Coast Transit System,o-c2b1-bctransit~sunshinecoasttransitsystem,bc-transit-sunshine-coast-transit-system,,,,,,
f-dre-cdta,http://www.cdta.org/schedules/google_transit.zip,US,US-NY,Albany,Capital District Transportation Authority,o-dre-cdta,cdta,,,,,,
f-9q9-bart,http://www.bart.gov/dev/schedules/google_transit.zip,US,US-CA,San Francisco Bay Area,Bay Area Rapid Transit,o-9q9-bart,airbart,,,,,,
f-9pr-delnorte~ca~us,http://data.trilliumtransit.com/gtfs/delnorte-ca-us/delnorte-ca-us.zip,US,US-CA,Del Norte County,Redwood Coast Transit,o-9pr-redwoodcoasttransit,redwood-coast-transit,,,,,,
f-dp1b-terrehautetransit~in~us,http://data.trilliumtransit.com/gtfs/terrehautetransit-in-us/terrehautetransit-in-us.zip,US,US-IN,Terre Haute,Terre Haute Transit,o-dp1b-terrehautetransit,terre-haute-transit,,,,,,
f-dngy-southwestohioregionaltransitauthority,http://www.go-metro.com/uploads/GTFS/google_transit_info.zip,US,US-OH,Cincinnati,Southwest Ohio Regional Transit Authority,o-dngy-southwestohioregionaltransitauthority,southwest-ohio-regional-transit-authority,,,,,,
f-dru-ruralcommunity~vt~us,http://data.trilliumtransit.com/gtfs/ruralcommunity-vt-us/ruralcommunity-vt-us.zip,US,US-VT,Lyndonville,Rural Community Transportation,o-dru-ruralcommunitytransportation,rural-community-transportation,,,,,,
f-dpwz-guelphtransit,http://www.guelph.ca/uploads/google/google_transit.zip,CA,CA-ON,Guelph,Guelph Transit,o-dpwz-guelphtransit,guelph-transit,,,,,,
f-djm2-regionaltransitsystem,http://go-rts.com/gtfs/google_transit.zip,US,US-FL,Gainesville,Regional Transit System,o-djm2-gainesvilleregionaltransitsystem,regional-transit-system,,,,,,
f-dr5r-mtanyctbusbrooklyn,http://web.mta.info/developers/data/nyct/bus/google_transit_brooklyn.zip,US,US-NY,New York City,MTA New York City Transit,o-dr5r-nyct,mta-new-york-city-transit,,,,,,
f-dr5x-mtanyctbusqueens,http://web.mta.info/developers/data/nyct/bus/google_transit_queens.zip,US,US-NY,New York City,MTA New York City Transit,o-dr5r-nyct,mta-new-york-city-transit,,,,,,
f-9qh1-foothilltransit,http://foothilltransit.org/gtfs/foothilltransit-ca-us.zip,US,US-CA,Los Angeles,Foothill Transit,o-9qh1-foothilltransit,foothill-transit,,,,,,
f-9qc0-soltrans~ca~us,http://data.trilliumtransit.com/gtfs/soltrans-ca-us/soltrans-ca-us.zip,US,US-CA,San Francisco Bay Area, Solano County Transit,o-9qc0-soltrans,soltrans,,,,,,
f-9qb-sonomacounty~ca~us,http://data.trilliumtransit.com/gtfs/sonomacounty-ca-us/sonomacounty-ca-us.zip,US,US-CA,San Francisco Bay Area,Sonoma County Transit,o-9qb-sonomacountytransit,cloverdale-transit,,,,,,
f-dqcx8-charmcitycirculator,http://mdtrip.org/googletransit/CCC/google_transit.zip,US,US-MD,Charm,Charm City Circulator,o-dqcx8-charmcitycirculator,charm-city-circulator,,,,,,
f-9vff-fortworthtransportationauthority,http://sched.fwta.com/gtfs/fwtatransitdata.zip,US,US-TX,Fort Worth,Fort Worth Transportation Authority,o-9vff-fortworthtransportationauthority,fort-worth-transportation-authority,,,,,,
f-dre-greenmtncn~vt~us,http://data.trilliumtransit.com/gtfs/greenmtncn-vt-us/greenmtncn-vt-us.zip,US,US-VT,Bennington,Green Mountain Community Network, Inc.,o-dre-greenmountaincommunitynetworkinc,green-mountain-community-network-inc,,,,,
f-c2qf-mountainline,http://www.mountainline.com/files/google_transit.zip,US,US-MT,Missoula,Mountain Line,o-c2qf-mountainline,mountain-line,,,,,,
f-dr4-septa~bus,https://github.com/septadev/GTFS/releases/download/v20170618/gtfs_public.zip#google_bus.zip,US,US-PA,Philadelphia,SEPTA,o-dr4-septa,septa,,,,,,
f-dqcj-fairfaxconnector,http://www.fairfaxcounty.gov/connector/data/connector_gtfs.zip,US,US-VA,Washington DC,Fairfax Connector,o-dqcj-fairfaxconnector,fairfax-connector,,,,,,
f-c2h-northeast~or~us,http://oregon-gtfs.com/gtfs_data/northeast-or-us/northeast-or-us.zip,US,US-OR,La Grande, Baker County, Wallowa County,Northeast Oregon Public Transit, Baker City Community Connection, Wallowa Community Connection,o-c2h-northeastoregonpublictransit, o-9ru-bakercitycommunityconnection, o-c2h6-wallowacommunityconnection,baker-city-community-connection
f-dj6m-okaloosacountytransit~fl~us,http://data.trilliumtransit.com/gtfs/okaloosacountytransit-fl-us/okaloosacountytransit-fl-us.zip,US,US-FL,Okaloosa County,Emerald Coast Rider,o-dj6m-emeraldcoastrider,emerald-coast-rider,,,,,,
f-9zep-siouxareametro~sd~us,http://data.trilliumtransit.com/gtfs/siouxareametro-sd-us/siouxareametro-sd-us.zip,US,US-SD,Sioux Falls,Sioux Area Metro,o-9zep-siouxareametro,sioux-area-metro,,,,,,
f-9r8-josephinecounty~or~us,http://oregon-gtfs.com/gtfs_data/josephinecounty-or-us/josephinecounty-or-us.zip,US,US-OR,Grants Pass,Josephine Community Transit, Rogue Valley Commuter Line,o-9r8-josephinecommunitytransit, o-9r83-roguevalleycommuterline,josephine-community-transit,,,,
f-dpwz-grandrivertransit,http://www.regionofwaterloo.ca/opendatadownloads/GRT_GTFS.zip,CA,CA-ON,Waterloo,Grand River Transit,o-dpwz-grandrivertransit,grand-river-transit,,,,,,
f-9ry8-mountainridestransportationauthoritymrta,http://data.trilliumtransit.com/gtfs/mountainrides-id-us/mountainrides-id-us.zip,US,US-ID,Wood River Valley,Mountain Rides Transportation Authority,o-9ry8-mountainridestransportationauthoritymrta,mountain-rides-transportation-authority-mrta,,,,,,
f-dp3-cta,http://www.transitchicago.com/downloads/sch_data/google_transit.zip,US,US-IL,Chicago,Chicago Transit Authority,o-dp3-chicagotransitauthority,chicago-transit-authority,,,,,,
f-drm-rhodeislandpublictransitauthority,http://www.ripta.com/googledata/current/google_transit.zip,US,US-RI,,Rhode Island Public Transit Authority,o-drm-rhodeislandpublictransitauthority,ripta,,,,,,
f-dqcqz-bwithurgoodmarshallairport,http://mdtrip.org/googletransit/BWI/google_transit.zip,US,US-MD,Baltimore,BWI Thurgood Marshall Airport,o-dqcqz-bwithurgoodmarshallairport,bwi-thurgood-marshall-airport,,,,,,
f-c29p-bctransit~fraservalleyexpress,http://bctransit.com/servlet/bctransit/data/GTFS%20-%20FVX,CA,CA-BC,Chilliwack,BC Transit - Fraser Valley Express,o-c29p-bctransit~fraservalleyexpress,bc-transit-fraser-valley-express,,,,,,
f-9yz-jeffersoncounty~mo~us,http://data.trilliumtransit.com/gtfs/jeffersoncounty-mo-us/jeffersoncounty-mo-us.zip,US,US-MO,St. Louis,JeffCo Express,o-9yz-jeffcoexpress,jeffco-express,,,,,,
f-djjt-suntran~fl~us,http://data.trilliumtransit.com/gtfs/suntran-fl-us/suntran-fl-us.zip,US,US-FL,Ocala,SunTran,o-djjt-suntrancityofocala,suntran,,,,,,
f-c38d-bctransit~princegeorgetransitsystem,http://bctransit.com/servlet/bctransit/data/GTFS%20-%20Prince%20George,CA,CA-BC,Prince George,BC Transit - Prince George Transit System,o-c38d-bctransit~princegeorgetransitsystem,bc-transit-prince-george-transit-system,,,,,,
f-f25-citsorel~varennes,http://www.rtm.quebec/xdata/citsv/google_transit.zip,CA,CA-QC,Montreal,CIT Sorel-Varennes,o-f25-citsorel~varennes,cit-sorel-varennes,,,,,,
f-c29p-bctransit~centralfraservalleytransitsystem,http://bctransit.com/servlet/bctransit/data/GTFS%20-%20Central%20Fraser%20Valley,CA,CA-BC,Central Fraser Valley,BC Transit - Central Fraser Valley Transit System,o-c29p-bctransit~centralfraservalleytransitsystem,bc-transit-central-fraser-valley-transit-system,,,,,,
f-9qj-sunlinetransitagency,http://www.sunline.org/transit/google_transit.zip,US,US-CA,Palm Springs,Sunline Transit Agency,o-9qj-sunlinetransitagency,sunline-transit-agency,,,,,,
f-dqb0q-charlottesvilleareatransit,http://avlweb.charlottesville.org/rtt/public/utility/GTFS.aspx,US,US-VA,Charlottesville,Charlottesville Area Transit,o-dqb0q-charlottesvilleareatransit,charlottesville-transit-service,,,,,,
f-dr72-mtanyctbusbronx,http://web.mta.info/developers/data/nyct/bus/google_transit_bronx.zip,US,US-NY,New York City,MTA New York City Transit,o-dr5r-nyct,mta-new-york-city-transit,,,,,,
f-9x8-pocatelloregionaltransit,http://pocatellotransit.com/Portals/1/Documents/GTFS/pocatello-regional-transit-gtfs.zip,US,US-ID,Pocatello,Pocatello Regional Transit,o-9x8-pocatelloregionaltransit,pocatello-regional-transit,,,,,,
f-dps2w-universityofmichigantransitservices,https://ltp.umich.edu/gtfs/google_transit.zip,US,US-MI,Ann Arbor,University of Michigan Transit Services,o-dps2w-universityofmichigantransitservices,university-of-michigan-transit-services,,,,,,
f-dr5r-mtanyctbusstatenisland,http://web.mta.info/developers/data/nyct/bus/google_transit_staten_island.zip,US,US-NY,New York City,MTA New York City Transit,o-dr5r-nyct,mta-new-york-city-transit,,,,,,
f-u4k-kolumbus,http://www.rkt.no/gt/google_transit.zip,NO,NO-11,,Kolumbus,o-u4k-kolumbus,kolumbus,,,,,,
f-9qb-laketransit~ca~us,http://data.trilliumtransit.com/gtfs/lakecounty-oh-us/lakecounty-oh-us.zip,US,US-CA,Lake County,Lake Transit,o-9qb-laketransit,lake-transit,,,,,,
f-9rc-highdesertpoint~or~us,http://oregon-gtfs.com/gtfs_data/highdesertpoint-or-us/highdesertpoint-or-us.zip,US,US-OR,Chemult,HighDesert POINT,o-9rc-highdesertpoint,highdesert-point,,,,,,
f-9qx5-suntran,http://www.fivecounty.utah.gov/transit/google_transit.zip,US,US-UT,St. George,SunTran,o-9qx5-suntran,suntran,,,,,,
f-9rb-cascadespoint~or~us,http://oregon-gtfs.com/gtfs_data/cascadespoint-or-us/cascadespoint-or-us.zip,US,US-OR,Eugene,Cascades POINT,o-9rb-cascadespoint,cascades-point,,,,,,
f-9qqj-rtcsnv,http://rtcws.rtcsnv.com/g/google_transit.zip,US,US-NV,Las Vegas,Regional Transportation Commission of Southern Nevada,o-9qqj-regionaltransportationcommissionofsouthernnevada,regional-transportation-commission-of-southern-nevada,,,,,,
f-9pp-humboldtcounty~ca~us,http://data.trilliumtransit.com/gtfs/humboldtcounty-ca-us/humboldtcounty-ca-us.zip,US,US-CA,Humboldt County,Redwood Transit System, Eureka Transit Service, Arcata & Mad River Transit System,o-9pp-redwoodtransitsystem, o-9pr8n-eurekatransitservice, o-9prb8-arcata~madrivertransitsystem,arcata-mad-river-transit-system,,
f-drmm-southeasternregionaltransitauthority,http://data.trilliumtransit.com/gtfs/srta-ma-us/srta-ma-us.zip,US,US-MA,,Southeastern Regional Transit Authority,o-drmm-southeasternregionaltransitauthority,southeastern-regional-transit-authority,,,,,,
f-f25e-societedetransportdelaval,http://www.stl.laval.qc.ca/opendata/GTF_STL.zip,CA,CA-QC,Montreal,Societe de transport de Laval,o-f25e-societedetransportdelaval,societe-de-transport-de-laval,,,,,,
f-f81y-codiactranspo,http://www.moncton.ca/gtfs/google_transit.zip,CA,CA-NB,Moncton,Codiac Transpo,o-f81y-codiactranspo,codiac-transpo,,,,,,
f-9qb-goldengatetransit,http://goldengatetransit.org/googleTransit/GTFSTransitData.zip,US,US-CA,San Francisco Bay Area,Golden Gate Transit,o-9qb-goldengatetransit,golden-gate-transit,,,,,,
f-9q9-monterey~salinastransit,http://www.mst.org/google/google_transit.zip,US,US-CA,Monterey,Monterey-Salinas Transit,o-9q9-monterey~salinastransit,monterey-salinas-transit,,,,,,
f-9q7-kerncounty~ca~us,http://data.trilliumtransit.com/gtfs/kerncounty-ca-us/kerncounty-ca-us.zip,US,US-CA,Kern County,Kern Transit,o-9q7-kerntransit,kern-regional-transit,,,,,,
f-dp73-citilink,http://jump.nextinsight.com/gtfs/ni_citilink/google_transit.zip,US,US-IN,Fort Wayne,Citilink,o-dp73-citilink,citilink,,,,,,
f-dpc4-oshkosh~wi~us,http://data.trilliumtransit.com/gtfs/oshkosh-wi-us/oshkosh-wi-us.zip,US,US-WI,Oshkosh,GO Transit (City of Oshkosh),o-dpc4-gotransitcityofoshkosh,go-transit-city-of-oshkosh,,,,,,
f-c20f-bluestar~or~us,http://oregon-gtfs.com/gtfs_data/bluestar-or-us/bluestar-or-us.zip,US,US-OR,Portland,Blue Star Bus,o-c20f-bluestarbus,blue-star-bus,,,,,,
f-9qc3-riovistadeltabreeze,http://api.511.org/transit/datafeeds?api_key=e74ef98b-6e66-4d18-92be-e06755664137&operator_id=RV,US,US-CA,San Francisco Bay Area,Rio Vista Delta Breeze,o-9qc3-riovistadeltabreeze,rio-vista-delta-breeze,,,,,,
f-u20-trenitalia~obb,https://dev.welive.eu/ods/dataset/7522310e-7280-431f-b2c8-e04c2089282c/resource/040bd388-b05a-4db4-accc-217162319f25/download/gtfs6.zip,IT,,,Trenitalia,o-s-trenitalia,trenitalia,,,,,,
f-djz4-carta~sc~us,http://data.trilliumtransit.com/gtfs/carta-sc-us/carta-sc-us.zip,US,US-SC,Charleston,Charleston Area Regional Transportation Authority,o-djz4-charlestonarearegionaltransportationauthority,charleston-area-regional-transportation-authority,,,,,,
f-9qc7-unitransdavis,http://iportal.sacrt.com/GTFS/Unitrans/google_transit.zip,US,US-CA,Davis,Unitrans,o-9qc7-unitransdavis,unitrans-davis,,,,,,
f-9q8y-sfmta,http://archives.sfmta.com/transitdata/google_transit.zip,US,US-CA,San Francisco Bay Area,San Francisco Municipal Transportation Agency,o-9q8y-sfmta,san-francisco-municipal-transportation-agency,,,,,,
f-dpxj-hamiltonstreetrailway,http://googlehsrdocs.hamilton.ca/,CA,CA-ON,Hamilton,Hamilton Street Railway,o-dpxj-hamiltonstreetrailway,hamilton-street-railway,,,,,,
f-9q5-metro~losangeles,https://gitlab.com/LACMTA/gtfs_bus/raw/master/gtfs_bus.zip,US,US-CA,Los Angeles,Los Angeles County Metropolitan Transportation Authority,o-9q5-metro~losangeles,la-metro,,,,,,
f-djmu-jacksonvilletransportationauthority,https://schedules.jtafla.com/schedulesgtfs/download,US,US-FL,,Jacksonville Transportation Authority,o-djmu-jacksonvilletransportationauthority,jacksonville-transportation-authority,,,,,,
f-dnr-piedmontauthorityforregionaltransportation,http://www.partnc.org/wp-content/uploads/2015/03/PART_09-01-16-1.zip,US,US-NC,Piedmont Triad,Piedmont Authority for Regional Transportation,o-dnr-piedmontauthorityforregionaltransportation,piedmont-authority-for-regional-transportation,,,,,,
f-dnfq-bloomingtontransit,http://bloomington.in.gov/transit/gtfeed/GoogleTransitFeed.zip,US,US-IN,Bloomington,Bloomington Transit,o-dnfq-bloomingtontransit,bloomington-transit,,,,,,
f-dr5r-path~nj~us,http://data.trilliumtransit.com/gtfs/path-nj-us/path-nj-us.zip,US,US-NY,New York City,Port Authority Trans-Hudson,o-dr5r-path,path,,,,,,
f-c3nf-calgarytransit,https://data.calgary.ca/download/npk7-z3bj/application%2Fzip,CA,CA-AB,Calgary,Calgary Transit,o-c3nf-calgarytransit,calgary-transit,,,,,,
f-dhv-hillsborougharearegionaltransit,http://www.gohart.org/google/google_transit.zip,US,US-FL,Tampa,Hillsborough Area Regional Transit,o-dhv-hillsborougharearegionaltransit,hillsborough-area-regional-transit,,,,,,
f-dr5x-wwwnicebuscom,http://www.nicebus.com/getattachment/Passenger-Information/App-Developers/NICE_GTFS_217.zip.aspx,US,US-NY,Nassau County,Nassau Inter-County Express,o-dr5x-nassauinter~countyexpress,nassau-inter-county-express,,,,,,
f-dr8-rochester~geneseeregionaltransportationauthority,http://scheduledata.rgrta.com/google_transit.zip,US,US-NY,Rochester,Rochester-Genesee Regional Transportation Authority,o-dr8-rochester~geneseeregionaltransportationauthority,rochester-genesee-regional-transportation-authority,,,,,,
f-9rb-diamondexpress~or~us,http://oregon-gtfs.com/gtfs_data/diamondexpress-or-us/diamondexpress-or-us.zip,US,US-OR,Oakridge,Diamond Express,o-9rb-diamondexpress,diamond-express,,,,,,
f-drq5-hylinecruises~ma~us,http://data.trilliumtransit.com/gtfs/hylinecruises-ma-us/hylinecruises-ma-us.zip,US,US-MA,Cape Cod,Hy-Line Cruises,o-drq5-hy~linecruises,hy-line-cruises,,,,,,
f-dpxq-burlingtontransit,http://www.burlington.ca/en/services-for-you/resources/Ongoing_Projects/Open_Data/Catalogue/GTFS_Data.zip,CA,CA-ON,Burlington,Burlington Transit,o-dpxq-burlingtontransit,burlington-transit,,,,,,
f-dpz-durhamregiontransit,https://maps.durham.ca/OpenDataGTFS/GTFS_Durham_TXT.zip,CA,CA-ON,Durham Region,Durham Region Transit,o-dpz-durhamregiontransit,durham-region-transit,,,,,,
f-drce-kingstontransit,http://kingston.metrolinx.tmix.se/gtfs/gtfs.zip,CA,CA-ON,Kingston,Kingston Transit,o-drce-kingstontransit,kingston-transit,,,,,,
f-dqct-annapolistransit,http://mdtrip.org/googletransit/AnnapolisTransit/google_transit.zip,US,US-MD,Annapolis,Annapolis Transit,o-dqct-annapolistransit,annapolis-transit,,,,,,
f-9qf-amador~ca~us,http://data.trilliumtransit.com/gtfs/amador-ca-us/amador-ca-us.zip,US,US-CA,Amador County,Amador Transit,o-9qf-amadortransit,amador-transit,,,,,,
f-9qc-fairfield~ca~us,http://data.trilliumtransit.com/gtfs/fairfield-ca-us/fairfield-ca-us.zip,US,US-CA,San Francisco Bay Area,Fairfield and Suisun Transit,o-9qc-fairfieldandsuisuntransit,fairfield-and-suisun-transit,,,,,,
f-dqc-montgomerycountymdrideon,http://www.montgomerycountymd.gov/DOT-Transit/Resources/Files/RideOnGTFS.zip,US,US-MD,Montgomery County,Montgomery County MD Ride On,o-dqc-montgomerycountymdrideon,montgomery-county-md-ride-on,,,,,,
f-c28-bctransit~victoriaregionaltransitsystem,https://bctransit.com/servlet/bctransit/data/GTFS%20-%20Victoria,CA,CA-BC,Victoria,BC Transit - Victoria Regional Transit System,o-c28-bctransit~victoriaregionaltransitsystem,bc-transit-victoria-regional-transit-system,,,,,,
f-9q8z-goldengateferry,http://api.511.org/transit/datafeeds?api_key=e74ef98b-6e66-4d18-92be-e06755664137&operator_id=GF,US,US-CA,San Francisco Bay Area,Golden Gate Ferry,o-9q8z-goldengateferry,golden-gate-ferry,,,,,,
f-87z-thebus,http://webapps.thebus.org/transitdata/Production/google_transit.zip,US,US-HI,Honolulu,TheBus,o-87z-thebus,thebus,,,,,,
f-c214-sandy~or~us,http://oregon-gtfs.com/gtfs_data/sandy-or-us/sandy-or-us.zip,US,US-OR,Sandy,Sandy Area Metro, Mt. Hood Express,o-c214-sandyareametro, o-c213-mthoodexpress,city-of-sandy,,,,
f-9q5f-glendalebeeline,http://glendaleca.gov/Home/ShowDocument?id=29549,US,US-CA,Glendale,Glendale Beeline,o-9q5f-glendalebeeline,glendale-beeline,,,,,,
f-9r0-trinity~ca~us,http://data.trilliumtransit.com/gtfs/trinity-ca-us/trinity-ca-us.zip,US,US-CA,Trinity County,Trinity Transit,o-9r0-trinitytransit,trinity-transit,,,,,,
f-drtd-capeann~ma~us,http://data.trilliumtransit.com/gtfs/capeann-ma-us/capeann-ma-us.zip,US,US-MA,Cape Ann,Cape Ann Transportation Authority,o-drtd-capeanntransportation,cape-ann-transportation-authority,,,,,,
f-dnru-chapel~hill~transit~nc~us,http://data.trilliumtransit.com/gtfs/chapel-hill-transit-nc-us/chapel-hill-transit-nc-us.zip,US,US-NC,Chapel Hill,Chapel Hill Transit,o-dnru-chapelhilltransit,chapel-hill-transit,,,,,,
f-dhvk-manatee~fl~us,http://data.trilliumtransit.com/gtfs/manatee-fl-us/manatee-fl-us.zip,US,US-FL,Manatee County,Manatee County Area Transit,o-dhvk-manateecountyareatransit,manatee-county-area-transit,,,,,,
f-9qd-madera~ca~us,http://data.trilliumtransit.com/gtfs/madera-ca-us/madera-ca-us.zip,US,US-CA,Madera County,Madera Area Express, Madera County Connection,o-9qdd7-maderaareaexpress, o-9qd-maderacountyconnection,madera-county-transit,,,,
f-9q99-sanbenito~ca~us,http://data.trilliumtransit.com/gtfs/sanbenitocounty-ca-us/sanbenitocounty-ca-us.zip,US,US-CA,San Benito County,San Benito County Express,o-9q99-sanbenitocountyexpress,san-benito-county-express,,,,,,
f-drg-addisoncounty~vt~us,http://data.trilliumtransit.com/gtfs/addisoncounty-vt-us/addisoncounty-vt-us.zip,US,US-VT,Addison County,Addison County Transit Resources,o-drg-addisoncountytransitresources,addison-county-transit-resources,,,,,,
f-dnrg-cary~transit~nc~us,http://data.trilliumtransit.com/gtfs/cary-transit-nc-us/cary-transit-nc-us.zip,US,US-NC,Research Triangle,Cary Transit,o-dnrg-carytransit,cary-transit,,,,,,
f-9r1-tehama~ca~us,http://data.trilliumtransit.com/gtfs/tehama-ca-us/tehama-ca-us.zip,US,US-CA,Red Bluff, Lassen County,Tehama Rural Area Express, Susanville Indian Rancheria Public Transportation Program,o-9r1h-tehamaruralareaexpress, o-9r1-susanvilleindianrancheriapublictransportationprogram,susanville-indian-rancheria-public-transportation-program,,,
f-gc-aircoach,http://www.transportforireland.ie/transitData/google_transit_aircoach.zip,IE,IE-L,,Aircoach,o-gc-aircoach,aircoach,,,,,,
f-c2g5-bctransit~kelownaregionaltransitsystem,http://bctransit.com/servlet/bctransit/data/GTFS%20-%20Kelowna,CA,CA-BC,Kelowna,BC Transit - Kelowna Regional Transit System,o-c2g5-bctransit~kelownaregionaltransitsystem,bc-transit-kelowna-regional-transit-system,,,,,,
f-dru-stagecoach~vt~us,http://data.trilliumtransit.com/gtfs/stagecoach-vt-us/stagecoach-vt-us.zip,US,US-VT,Randolph,Stagecoach Transportation Services,o-dru-stagecoachtransportationservices,stagecoach-transportation-services,,,,,,
f-c20d-rideconnection~or~us,http://oregon-gtfs.com/gtfs_data/rideconnection-or-us/rideconnection-or-us.zip,US,US-OR,Portland,Ride Connection,o-c20d-rideconnection,ride-connection,,,,,,
f-c28-islandtransit,http://jump.nextinsight.com/gtfs/island2/google_transit.zip,US,US-WA,Puget Sound,Island Transit,o-c28-islandtransit,island-transit,,,,,,
f-9qh-riversidetransitagency,http://www.riversidetransit.com/google_transit.zip,US,US-CA,Riverside,Riverside Transit Agency,o-9qh-riversidetransitagency,riverside-transit-agency,,,,,,
f-c20-wilsonville~or~us,http://data.trilliumtransit.com/gtfs/wilsonville-or-us/wilsonville-or-us.zip,US,US-OR,Wilsonville,South Metro Area Regional Transit,o-c20-southmetroareametroaltransit,smart,,,,,,
f-9xj-rtd,http://www.rtd-denver.com/GoogleFeeder/google_transit.zip,US,US-CO,Denver,Regional Transportation District,o-9xj-regionaltransportationdistrict,regional-transportation-district,,,,,,
f-9q9-caltrain,http://www.caltrain.com/Assets/GTFS/caltrain/CT-GTFS.zip,US,US-CA,San Francisco Bay Area,Caltrain,o-9q9-caltrain,caltrain,,,,,,
f-c2bt-bctransit~whistlertransitsystem,http://bctransit.com/servlet/bctransit/data/GTFS%20-%20Whistler,CA,CA-BC,Whistler,BC Transit - Whistler Transit System,o-c2bt1-bctransit~whistlertransitsystem,bc-transit-whistler-transit-system,,,,,,
f-9r2-siskiyou~ca~us,http://data.trilliumtransit.com/gtfs/siskiyou-ca-us/siskiyou-ca-us.zip,US,US-CA,Yreka,Siskiyou Transit and General Express,o-9r2-siskiyoutransitandgeneralexpress,siskiyou-transit-and-general-express,,,,,,
f-9rb-caravan~or~us,http://oregon-gtfs.com/gtfs_data/caravan-or-us/caravan-or-us.zip,US,US-OR,Portland,Caravan Airport Transportation,o-9rb-caravanairporttransportation,caravan-airport-transportation,,,,,,
f-dp8m-metrotransit~cityofmadison,http://transitdata.cityofmadison.com/GTFS/mmt_gtfs.zip,US,US-WI,Madison,Metro Transit,o-dp8m-metrotransit~cityofmadison,metro-transit,,,,,,
f-9rbm-corvallis~or~us,http://oregon-gtfs.com/gtfs_data/corvallis-or-us/corvallis-or-us.zip,US,US-OR,Corvallis,Corvallis Transit System,o-9rbm-corvallistransitsystem,corvallis-transit-system,,,,,,
f-dhw-miamidadetransit,http://www.miamidade.gov/transit/googletransit/current/google_transit.zip,US,US-FL,Miami,Miami Dade Transit,o-dhw-miamidadetransit,miami-dade-transit,,,,,,
f-ezw5f-tuvisa~euskotran,http://www.vitoria-gasteiz.org/we001/http/vgTransit/google_transit.zip,ES,ES-PV,Vitoria-Gasteiz,Tuvisa-EuskoTran,o-ezw5f-tuvisa~euskotran,tuvisa-euskotran,,,,,,
f-9q56-thousandoaks~ca~us,http://data.trilliumtransit.com/gtfs/thousandoaks-ca-us/thousandoaks-ca-us.zip,US,US-CA,Los Angeles,Thousand Oaks Transit,o-9q56-thousandoakstransit,thousand-oaks-transit,,,,,,
f-9rbs-linnshuttle~or~us,http://oregon-gtfs.com/gtfs_data/linnshuttle-or-us/linnshuttle-or-us.zip,US,US-OR,Albany,Linn Shuttle,o-9rbs-linnshuttle,linn-shuttle,,,,,,
f-c22e-intercitytransit,http://developer.onebusaway.org/tmp/sound/gtfs/modified/19_gtfs.zip,US,US-WA,Olympia,Intercity Transit,o-c22e-intercitytransit,intercity-transit,,,,,,
f-f25u-mrcdelassomption,http://www.rtm.quebec/xdata/mrclasso/google_transit.zip,CA,CA-QC,Montreal,MRC de L'Assomption,o-f25u-mrcdelassomption,mrc-de-lassomption,,,,,,
f-9muq-lagunabeach~ca~us,http://data.trilliumtransit.com/gtfs/lagunabeach-ca-us/lagunabeach-ca-us.zip,US,US-CA,Los Angeles,Laguna Beach Transit,o-9muq-lagunabeachtransit,laguna-beach-transit,,,,,,
f-dpmg-rta,http://www.riderta.com/sites/default/files/gtfs/latest/google_transit.zip,US,US-OH,Cleveland,Greater Cleveland Regional Transit Authority,o-dpmg-greaterclevelandregionaltransitauthority,greater-cleveland-regional-transit-authority,,,,,,
f-dpzk-barrietransit,http://transit.cityofbarriesites.com/files/google_transit.zip,CA,CA-ON,Barrie,Barrie Transit,o-dpzk-barrietransit,barrie-transit,,,,,,
f-9y7v-metropolitantulsatransitauthority,http://www.tulsatransit.org/gtfs/google_transit.zip,US,US-OK,Tulsa,Metropolitan Tulsa Transit Authority,o-9y7v-metropolitantulsatransitauthority,metropolitan-tulsa-transit-authority,,,,,,
f-9rc-eugenetobend~or~us,http://oregon-gtfs.com/gtfs_data/eugenetobend-or-us/eugenetobend-or-us.zip,US,US-OR,Eugene,Eugene to BEND,o-9rc-eugenetobend,eugene-to-bend,,,,,,
f-u0p-trenitalia~obb,https://dev.welive.eu/ods/dataset/7522310e-7280-431f-b2c8-e04c2089282c/resource/843b40ce-6856-46d6-804f-0e5468b4a480/download/gtfs5.zip,IT,,,Trenitalia,o-s-trenitalia,trenitalia,,,,,,
f-9qf-calaveras~ca~us,http://data.trilliumtransit.com/gtfs/calaveras-ca-us/calaveras-ca-us.zip,US,US-CA,Calaveras County,Calaveras Transit,o-9qf-calaverastransit,calaveras-transit,,,,,,
f-drmr-brockton~ma~us,http://data.trilliumtransit.com/gtfs/brockton-ma-us/brockton-ma-us.zip,US,US-MA,Boston,Brockton Area Transit Authority,o-drmr-brocktonareatransitauthority,brockton-area-transit-authority,,,,,,
f-9rb-lanetransitdistrict,https://www.ltd.org/file_viewer.php?id=1291,US,US-OR,Eugene,Lane Transit District,o-9rb-lanetransitdistrict,lane-transit-district,,,,,,
f-9q5b-torrancetransit,https://transit.torranceca.gov/home/showdocument?id=16673,US,US-CA,Los Angeles,Torrance Transit,o-9q5b-torrancetransit,torrance-transit,,,,,,
f-c25-ctuir~or~us,http://oregon-gtfs.com/gtfs_data/ctuir-or-us/ctuir-or-us.zip,US,US-OR,Walla Walla,Kayak Public Transit,o-c25-kayakpublictransit,kayak-public-transit,,,,,,
f-dr5-nj~transit~rail,http://mapzen.github.io/transitland-internal/gtfs-archives-not-for-redistribution/nj-transit-rail.zip,US,US-NJ,New York City,New Jersey Transit,o-dr5-nj~transit,new-jersey-transit,,,,,,
f-9qd-stanislaus~ca~us,http://data.trilliumtransit.com/gtfs/stanislaus-ca-us/stanislaus-ca-us.zip,US,US-CA,Modesto,Stanislaus Regional Transit, Bus Line Service of Turlock, Ceres Area Transit,o-9q9-stanislausmetroaltransit, o-9qdj3-buslineserviceofturlock, o-9q9vz-ceresareatransit,bus-line-service-of-turlock,,
f-9qc3-datatrilliumtransitcom,http://data.trilliumtransit.com/gtfs/riovista-ca-us/riovista-ca-us.zip,US,US-CA,San Francisco Bay Area,Rio Vista Delta Breeze,o-9qc3-riovistadeltabreeze,rio-vista-delta-breeze,,,,,,
f-djn-spacecoast~fl~us,http://data.trilliumtransit.com/gtfs/spacecoast-fl-us/spacecoast-fl-us.zip,US,US-FL,Brevard County,Space Coast Area Transit,o-djn-spacecoastareatransit,space-coast-area-transit,,,,,,
f-dnwe-radford~va~us,http://data.trilliumtransit.com/gtfs/radford-va-us/radford-va-us.zip,US,US-VA,Radford,Radford Transit,o-dnwe-radfordtransit,radford-transit,,,,,,
f-dpz2-bramptontransit,http://www.brampton.ca/EN/City-Hall/OpenGov/Open-Data-Catalogue/Documents/Google_Transit.zip,CA,CA-ON,Brampton,Brampton Transit,o-dpz2-bramptontransit,brampton-transit,,,,,,